{
  "Legal Test": 0.24390243902439027,
  "Case Law": 0.24390243902439027,
  "Application": 0.24390243902439027,
  "Statute": 0.24390243902439027,
  "Core Principle": 0.02439024390243903
}